{"name":"a1d29300-24e5-45dc-b7e6-b08d8c782626","id":"/providers/Microsoft.Flow/flows/a1d29300-24e5-45dc-b7e6-b08d8c782626","type":"Microsoft.Flow/flows","properties":{"apiId":"/providers/Microsoft.PowerApps/apis/shared_logicflows","displayName":"Run Command PAC","definition":{"metadata":{"workflowEntityId":null,"processAdvisorMetadata":null,"flowclientsuspensionreason":"None","flowclientsuspensiontime":null,"creator":{"id":"31ed89f3-bde8-4e96-ae08-f836f842e982","type":"User","tenantId":"72f988bf-86f1-41af-91ab-2d7cd011db47"},"provisioningMethod":"FromDefinition","failureAlertSubscription":true,"clientLastModifiedTime":"2022-02-11T03:08:39.1321056Z"},"$schema":"https://schema.management.azure.com/providers/Microsoft.Logic/schemas/2016-06-01/workflowdefinition.json#","contentVersion":"1.0.0.0","parameters":{"$connections":{"defaultValue":{},"type":"Object"},"$authentication":{"defaultValue":{},"type":"SecureObject"}},"triggers":{"manual":{"metadata":{"operationMetadataId":"ac69511b-b4ed-4f71-af62-e0c5262fd3d5"},"type":"Request","kind":"PowerApp","inputs":{"schema":{"type":"object","properties":{"RunaflowbuiltwithPowerAutomatefordesktop_VMName":{"type":"string","description":"","x-ms-powerflows-param-ispartial":false},"RunaflowbuiltwithPowerAutomatefordesktop_Command":{"type":"string","description":"","x-ms-powerflows-param-ispartial":false},"RunaflowbuiltwithPowerAutomatefordesktop_VMType":{"type":"string","description":"","x-ms-powerflows-param-ispartial":false}},"required":["RunaflowbuiltwithPowerAutomatefordesktop_VMName","RunaflowbuiltwithPowerAutomatefordesktop_Command","RunaflowbuiltwithPowerAutomatefordesktop_VMType"]}}}},"actions":{"Run_a_flow_built_with_Power_Automate_for_desktop":{"runAfter":{},"metadata":{"operationMetadataId":"74e0c972-d850-4776-8c30-2a25d9bae2b2"},"type":"OpenApiConnection","inputs":{"host":{"apiId":"/providers/Microsoft.PowerApps/apis/shared_uiflow","connectionName":"shared_uiflow","operationId":"RunUIFlow_V2"},"parameters":{"uiFlowId":"f1024daa-91cf-476c-b789-8c3622e654b2","runMode":"attended","item/VmName":"@triggerBody()['RunaflowbuiltwithPowerAutomatefordesktop_VMName']","item/Command":"@triggerBody()['RunaflowbuiltwithPowerAutomatefordesktop_Command']","item/VmType":"@triggerBody()['RunaflowbuiltwithPowerAutomatefordesktop_VMType']","x-ms-flow-trusted-access":true},"authentication":{"value":"@json(decodeBase64(triggerOutputs().headers['X-MS-APIM-Tokens']))['$ConnectionKey']","type":"Raw"}}},"Respond_to_a_PowerApp_or_flow":{"runAfter":{"Run_a_flow_built_with_Power_Automate_for_desktop":["Succeeded"]},"metadata":{"operationMetadataId":"2720d6ca-c425-4adf-9648-04b7d6d0685c"},"type":"Response","kind":"PowerApp","inputs":{"statusCode":200,"body":{"result":"@outputs('Run_a_flow_built_with_Power_Automate_for_desktop')?['body/Result']"},"schema":{"type":"object","properties":{"result":{"title":"Result","x-ms-dynamically-added":true,"type":"string"}}}}}}},"connectionReferences":{"shared_uiflow":{"connectionName":"b9481288ff804068b9019dfba4e1bbd7","source":"Invoker","id":"/providers/Microsoft.PowerApps/apis/shared_uiflow","tier":"NotSpecified"}},"flowFailureAlertSubscribed":false}}